address_id,street_address,postal_city,state,zip,year_built,units,use_code,use_description,source_dataset,retrieved_at
OAK01,465 BELLEVUE AVE,Oakland,CA,94610,,,7700,Alameda County use code (5+ units),Alameda County Assessor Secured Tax Roll 2025-26,2026-10-03T19:35Z
OAK02,428 PERKINS ST,Oakland,CA,94610,,,7700,Alameda County use code (5+ units),Alameda County Assessor Secured Tax Roll 2025-26,2026-10-03T19:35Z
OAK03,385 PALM AVE,Oakland,CA,94610,,,7700,Alameda County use code (5+ units),Alameda County Assessor Secured Tax Roll 2025-26,2026-10-03T19:35Z
OAK04,3233 HARRISON ST,Oakland,CA,94611,,,7200,Alameda County use code (5+ units),Alameda County Assessor Secured Tax Roll 2025-26,2026-10-03T19:35Z
OAK05,733 JEAN ST,Oakland,CA,94610,,,7700,Alameda County use code (5+ units),Alameda County Assessor Secured Tax Roll 2025-26,2026-10-03T19:35Z
OAK06,459 8TH ST,Oakland,CA,94607,,,7700,Alameda County use code (5+ units),Alameda County Assessor Secured Tax Roll 2025-26,2026-10-03T19:35Z
OAK07,1035 YERBA BUENA AVE,Oakland,CA,94608,,,7700,Alameda County use code (5+ units),Alameda County Assessor Secured Tax Roll 2025-26,2026-10-03T19:35Z
OAK08,78 GLEN AVE,Oakland,CA,94611,,,7700,Alameda County use code (5+ units),Alameda County Assessor Secured Tax Roll 2025-26,2026-10-03T19:35Z
OAK09,5601 SHATTUCK AVE,Oakland,CA,94609,,,7700,Alameda County use code (5+ units),Alameda County Assessor Secured Tax Roll 2025-26,2026-10-03T19:35Z
OAK10,570 58TH ST,Oakland,CA,94609,,,7700,Alameda County use code (5+ units),Alameda County Assessor Secured Tax Roll 2025-26,2026-10-03T19:35Z
OAK11,255 9TH AVE,Oakland,CA,94606,,,7700,Alameda County use code (5+ units),Alameda County Assessor Secured Tax Roll 2025-26,2026-10-03T19:35Z
OAK12,1627 FOOTHILL BLVD,Oakland,CA,94606,,,7700,Alameda County use code (5+ units),Alameda County Assessor Secured Tax Roll 2025-26,2026-10-03T19:35Z
OAK13,1746 10TH AVE,Oakland,CA,94606,,,7200,Alameda County use code (5+ units),Alameda County Assessor Secured Tax Roll 2025-26,2026-10-03T19:35Z
OAK14,721 E 19TH ST,Oakland,CA,94606,,,7700,Alameda County use code (5+ units),Alameda County Assessor Secured Tax Roll 2025-26,2026-10-03T19:35Z
OAK15,2227 7TH AVE,Oakland,CA,94606,,,7700,Alameda County use code (5+ units),Alameda County Assessor Secured Tax Roll 2025-26,2026-10-03T19:35Z
OAK16,2282 PARK BLVD,Oakland,CA,94606,,,7700,Alameda County use code (5+ units),Alameda County Assessor Secured Tax Roll 2025-26,2026-10-03T19:35Z
OAK17,878 E 28TH ST,Oakland,CA,94610,,,7700,Alameda County use code (5+ units),Alameda County Assessor Secured Tax Roll 2025-26,2026-10-03T19:35Z
OAK18,690 MONTCLAIR AVE,Oakland,CA,94610,,,7700,Alameda County use code (5+ units),Alameda County Assessor Secured Tax Roll 2025-26,2026-10-03T19:35Z
OAK19,1649 28TH AVE,Oakland,CA,94601,,,7700,Alameda County use code (5+ units),Alameda County Assessor Secured Tax Roll 2025-26,2026-10-03T19:35Z
OAK20,2801 NICOL AVE,Oakland,CA,94602,,,7700,Alameda County use code (5+ units),Alameda County Assessor Secured Tax Roll 2025-26,2026-10-03T19:35Z
OAK21,3550 LAUREL AVE,Oakland,CA,94602,,,7700,Alameda County use code (5+ units),Alameda County Assessor Secured Tax Roll 2025-26,2026-10-03T19:35Z
OAK22,3810 REDDING ST,Oakland,CA,94619,,,7700,Alameda County use code (5+ units),Alameda County Assessor Secured Tax Roll 2025-26,2026-10-03T19:35Z
OAK23,1952 35TH AVE,Oakland,CA,94601,,,7700,Alameda County use code (5+ units),Alameda County Assessor Secured Tax Roll 2025-26,2026-10-03T19:35Z
OAK24,4237 FOOTHILL BLVD,Oakland,CA,94601,,,7700,Alameda County use code (5+ units),Alameda County Assessor Secured Tax Roll 2025-26,2026-10-03T19:35Z
OAK25,6701 LAIRD AVE,Oakland,CA,94605,,,7700,Alameda County use code (5+ units),Alameda County Assessor Secured Tax Roll 2025-26,2026-10-03T19:35Z
OAK26,7975 MACARTHUR BLVD,Oakland,CA,94605,,,7700,Alameda County use code (5+ units),Alameda County Assessor Secured Tax Roll 2025-26,2026-10-03T19:35Z
OAK27,861 MOORPARK ST,Oakland,CA,94603,,,7700,Alameda County use code (5+ units),Alameda County Assessor Secured Tax Roll 2025-26,2026-10-03T19:35Z
OAK28,2910 REVERE AVE,Oakland,CA,94605,,,7700,Alameda County use code (5+ units),Alameda County Assessor Secured Tax Roll 2025-26,2026-10-03T19:35Z
OAK29,1617 32ND ST,Oakland,CA,94608,,,7700,Alameda County use code (5+ units),Alameda County Assessor Secured Tax Roll 2025-26,2026-10-03T19:35Z
OAK30,530 24TH ST,Oakland,CA,94612,,,7700,Alameda County use code (5+ units),Alameda County Assessor Secured Tax Roll 2025-26,2026-10-03T19:35Z
